mean_fit_time,std_fit_time,mean_score_time,std_score_time,param_max_depth,param_max_features,param_min_samples_split,param_n_estimators,params,split0_test_score,split1_test_score,split2_test_score,split3_test_score,split4_test_score,mean_test_score,std_test_score,rank_test_score
0.27203006744384767,0.0577868126142506,0.01935577392578125,0.0074743808915535585,3,sqrt,2,50,"{'max_depth': 3, 'max_features': 'sqrt', 'min_samples_split': 2, 'n_estimators': 50}",1.0,0.9581699346405229,0.9153439153439153,0.9581699346405229,1.0,0.9663367569249923,0.03162306668752773,1
0.349778938293457,0.03764954930222624,0.031731176376342776,0.0018445908030904558,3,sqrt,2,100,"{'max_depth': 3, 'max_features': 'sqrt', 'min_samples_split': 2, 'n_estimators': 100}",1.0,0.9581699346405229,0.9153439153439153,0.9581699346405229,1.0,0.9663367569249923,0.03162306668752773,1
0.7293065071105957,0.02252562477830785,0.05887637138366699,0.010254493749811223,3,sqrt,2,200,"{'max_depth': 3, 'max_features': 'sqrt', 'min_samples_split': 2, 'n_estimators': 200}",0.9581699346405229,0.9581699346405229,0.9153439153439153,0.9581699346405229,1.0,0.9579707438530969,0.02677171608964413,31
0.2206017017364502,0.021088871124037782,0.03068962097167969,0.020629495061574417,3,sqrt,5,50,"{'max_depth': 3, 'max_features': 'sqrt', 'min_samples_split': 5, 'n_estimators': 50}",1.0,0.9581699346405229,0.9153439153439153,0.9581699346405229,1.0,0.9663367569249923,0.03162306668752773,1
0.3867906093597412,0.03443162946014394,0.03670291900634766,0.009493740718687242,3,sqrt,5,100,"{'max_depth': 3, 'max_features': 'sqrt', 'min_samples_split': 5, 'n_estimators': 100}",1.0,0.9581699346405229,0.9153439153439153,0.9581699346405229,1.0,0.9663367569249923,0.03162306668752773,1
0.8561008930206299,0.008955432130196977,0.0730431079864502,0.022412956288022756,3,sqrt,5,200,"{'max_depth': 3, 'max_features': 'sqrt', 'min_samples_split': 5, 'n_estimators': 200}",0.9581699346405229,0.9581699346405229,0.9153439153439153,0.9581699346405229,1.0,0.9579707438530969,0.02677171608964413,31
0.20727834701538086,0.040086925504840915,0.020276880264282225,0.012556501625550923,3,sqrt,10,50,"{'max_depth': 3, 'max_features': 'sqrt', 'min_samples_split': 10, 'n_estimators': 50}",1.0,0.9581699346405229,0.9153439153439153,0.9581699346405229,1.0,0.9663367569249923,0.03162306668752773,1
0.5072547435760498,0.03775943185511574,0.05049419403076172,0.010649572984683562,3,sqrt,10,100,"{'max_depth': 3, 'max_features': 'sqrt', 'min_samples_split': 10, 'n_estimators': 100}",1.0,0.9581699346405229,0.9153439153439153,0.9581699346405229,1.0,0.9663367569249923,0.03162306668752773,1
0.850710105895996,0.05203830153845185,0.05701136589050293,0.013889664364530954,3,sqrt,10,200,"{'max_depth': 3, 'max_features': 'sqrt', 'min_samples_split': 10, 'n_estimators': 200}",0.9581699346405229,0.9581699346405229,0.9153439153439153,0.9581699346405229,1.0,0.9579707438530969,0.02677171608964413,31
0.2205650806427002,0.014381601443946812,0.010375404357910156,0.004844235243894189,3,log2,2,50,"{'max_depth': 3, 'max_features': 'log2', 'min_samples_split': 2, 'n_estimators': 50}",1.0,0.9581699346405229,0.9153439153439153,0.9581699346405229,1.0,0.9663367569249923,0.03162306668752773,1
0.4453925132751465,0.06013197600760927,0.04760451316833496,0.029842542264902266,3,log2,2,100,"{'max_depth': 3, 'max_features': 'log2', 'min_samples_split': 2, 'n_estimators': 100}",1.0,0.9581699346405229,0.9153439153439153,0.9581699346405229,1.0,0.9663367569249923,0.03162306668752773,1
0.932011079788208,0.067204039667673,0.07621293067932129,0.016166544830809593,3,log2,2,200,"{'max_depth': 3, 'max_features': 'log2', 'min_samples_split': 2, 'n_estimators': 200}",0.9581699346405229,0.9581699346405229,0.9153439153439153,0.9581699346405229,1.0,0.9579707438530969,0.02677171608964413,31
0.2517500400543213,0.04786513727584057,0.028692340850830077,0.0073757402521042814,3,log2,5,50,"{'max_depth': 3, 'max_features': 'log2', 'min_samples_split': 5, 'n_estimators': 50}",1.0,0.9581699346405229,0.9153439153439153,0.9581699346405229,1.0,0.9663367569249923,0.03162306668752773,1
0.43636417388916016,0.05413991454552477,0.03630185127258301,0.012968439218617754,3,log2,5,100,"{'max_depth': 3, 'max_features': 'log2', 'min_samples_split': 5, 'n_estimators': 100}",1.0,0.9581699346405229,0.9153439153439153,0.9581699346405229,1.0,0.9663367569249923,0.03162306668752773,1
0.7933374881744385,0.03892189202869379,0.05876345634460449,0.007187039157414303,3,log2,5,200,"{'max_depth': 3, 'max_features': 'log2', 'min_samples_split': 5, 'n_estimators': 200}",0.9581699346405229,0.9581699346405229,0.9153439153439153,0.9581699346405229,1.0,0.9579707438530969,0.02677171608964413,31
0.19106693267822267,0.015760517344697918,0.02190256118774414,0.010053781361957656,3,log2,10,50,"{'max_depth': 3, 'max_features': 'log2', 'min_samples_split': 10, 'n_estimators': 50}",1.0,0.9581699346405229,0.9153439153439153,0.9581699346405229,1.0,0.9663367569249923,0.03162306668752773,1
0.43036589622497556,0.01236313238165552,0.0385282039642334,0.009855112618471294,3,log2,10,100,"{'max_depth': 3, 'max_features': 'log2', 'min_samples_split': 10, 'n_estimators': 100}",1.0,0.9581699346405229,0.9153439153439153,0.9581699346405229,1.0,0.9663367569249923,0.03162306668752773,1
0.999882173538208,0.1309524461224181,0.059652090072631836,0.015273454383052748,3,log2,10,200,"{'max_depth': 3, 'max_features': 'log2', 'min_samples_split': 10, 'n_estimators': 200}",0.9581699346405229,0.9581699346405229,0.9153439153439153,0.9581699346405229,1.0,0.9579707438530969,0.02677171608964413,31
0.22674236297607422,0.01078756191046575,0.015369558334350586,0.004098464216570396,5,sqrt,2,50,"{'max_depth': 5, 'max_features': 'sqrt', 'min_samples_split': 2, 'n_estimators': 50}",1.0,0.9581699346405229,0.9153439153439153,0.9581699346405229,1.0,0.9663367569249923,0.03162306668752773,1
0.35259857177734377,0.023156895764661668,0.039818763732910156,0.006201705321326198,5,sqrt,2,100,"{'max_depth': 5, 'max_features': 'sqrt', 'min_samples_split': 2, 'n_estimators': 100}",1.0,0.9581699346405229,0.9153439153439153,0.9581699346405229,1.0,0.9663367569249923,0.03162306668752773,1
0.700951099395752,0.03012528718760834,0.05146608352661133,0.018017139433284927,5,sqrt,2,200,"{'max_depth': 5, 'max_features': 'sqrt', 'min_samples_split': 2, 'n_estimators': 200}",0.9581699346405229,0.9581699346405229,0.9153439153439153,0.9581699346405229,1.0,0.9579707438530969,0.02677171608964413,31
0.17415437698364258,0.009587290533665548,0.022970867156982423,0.009310518450527829,5,sqrt,5,50,"{'max_depth': 5, 'max_features': 'sqrt', 'min_samples_split': 5, 'n_estimators': 50}",0.9581699346405229,0.9581699346405229,0.9153439153439153,0.9581699346405229,1.0,0.9579707438530969,0.02677171608964413,31
0.34441242218017576,0.026549603618210547,0.024896812438964844,0.007717013127446364,5,sqrt,5,100,"{'max_depth': 5, 'max_features': 'sqrt', 'min_samples_split': 5, 'n_estimators': 100}",0.9581699346405229,0.9581699346405229,0.9153439153439153,0.9581699346405229,1.0,0.9579707438530969,0.02677171608964413,31
0.7315032005310058,0.030640832195530033,0.04728288650512695,0.015681231382448698,5,sqrt,5,200,"{'max_depth': 5, 'max_features': 'sqrt', 'min_samples_split': 5, 'n_estimators': 200}",0.9581699346405229,0.9581699346405229,0.9153439153439153,0.9581699346405229,1.0,0.9579707438530969,0.02677171608964413,31
0.191060209274292,0.020906274972588495,0.01370410919189453,0.007235162886275856,5,sqrt,10,50,"{'max_depth': 5, 'max_features': 'sqrt', 'min_samples_split': 10, 'n_estimators': 50}",1.0,0.9581699346405229,0.9153439153439153,0.9581699346405229,1.0,0.9663367569249923,0.03162306668752773,1
0.3538118839263916,0.02288472127883568,0.03010272979736328,0.011884164241850008,5,sqrt,10,100,"{'max_depth': 5, 'max_features': 'sqrt', 'min_samples_split': 10, 'n_estimators': 100}",0.9581699346405229,0.9581699346405229,0.9153439153439153,0.9581699346405229,1.0,0.9579707438530969,0.02677171608964413,31
0.717267370223999,0.02798765774191631,0.054173851013183595,0.007975031362889707,5,sqrt,10,200,"{'max_depth': 5, 'max_features': 'sqrt', 'min_samples_split': 10, 'n_estimators': 200}",0.9581699346405229,0.9581699346405229,0.9153439153439153,0.9581699346405229,1.0,0.9579707438530969,0.02677171608964413,31
0.17438712120056152,0.022594055758170892,0.012941122055053711,0.006445968983013602,5,log2,2,50,"{'max_depth': 5, 'max_features': 'log2', 'min_samples_split': 2, 'n_estimators': 50}",1.0,0.9581699346405229,0.9153439153439153,0.9581699346405229,1.0,0.9663367569249923,0.03162306668752773,1
0.36012654304504393,0.02976652287857913,0.04082155227661133,0.005357689989210675,5,log2,2,100,"{'max_depth': 5, 'max_features': 'log2', 'min_samples_split': 2, 'n_estimators': 100}",1.0,0.9581699346405229,0.9153439153439153,0.9581699346405229,1.0,0.9663367569249923,0.03162306668752773,1
0.7242903709411621,0.07454878730586174,0.04968304634094238,0.0075196717117869015,5,log2,2,200,"{'max_depth': 5, 'max_features': 'log2', 'min_samples_split': 2, 'n_estimators': 200}",0.9581699346405229,0.9581699346405229,0.9153439153439153,0.9581699346405229,1.0,0.9579707438530969,0.02677171608964413,31
0.18450498580932617,0.020665099433766085,0.025955581665039064,0.010365827244905609,5,log2,5,50,"{'max_depth': 5, 'max_features': 'log2', 'min_samples_split': 5, 'n_estimators': 50}",0.9581699346405229,0.9581699346405229,0.9153439153439153,0.9581699346405229,1.0,0.9579707438530969,0.02677171608964413,31
0.40746383666992186,0.047281627757080405,0.038018083572387694,0.013904031099568908,5,log2,5,100,"{'max_depth': 5, 'max_features': 'log2', 'min_samples_split': 5, 'n_estimators': 100}",0.9581699346405229,0.9581699346405229,0.9153439153439153,0.9581699346405229,1.0,0.9579707438530969,0.02677171608964413,31
0.777916669845581,0.05921604404559655,0.059923410415649414,0.018186754365517633,5,log2,5,200,"{'max_depth': 5, 'max_features': 'log2', 'min_samples_split': 5, 'n_estimators': 200}",0.9581699346405229,0.9581699346405229,0.9153439153439153,0.9581699346405229,1.0,0.9579707438530969,0.02677171608964413,31
0.17525410652160645,0.009032496681652123,0.020867300033569337,0.005786449358812492,5,log2,10,50,"{'max_depth': 5, 'max_features': 'log2', 'min_samples_split': 10, 'n_estimators': 50}",1.0,0.9581699346405229,0.9153439153439153,0.9581699346405229,1.0,0.9663367569249923,0.03162306668752773,1
0.35068631172180176,0.021921507939448276,0.038637304306030275,0.01898990869363073,5,log2,10,100,"{'max_depth': 5, 'max_features': 'log2', 'min_samples_split': 10, 'n_estimators': 100}",0.9581699346405229,0.9581699346405229,0.9153439153439153,0.9581699346405229,1.0,0.9579707438530969,0.02677171608964413,31
0.7286488533020019,0.05798789960819093,0.04755096435546875,0.008131275397763104,5,log2,10,200,"{'max_depth': 5, 'max_features': 'log2', 'min_samples_split': 10, 'n_estimators': 200}",0.9581699346405229,0.9581699346405229,0.9153439153439153,0.9581699346405229,1.0,0.9579707438530969,0.02677171608964413,31
0.18458662033081055,0.013698064909133847,0.015931987762451173,0.003846148461413236,10,sqrt,2,50,"{'max_depth': 10, 'max_features': 'sqrt', 'min_samples_split': 2, 'n_estimators': 50}",1.0,0.9581699346405229,0.9153439153439153,0.9581699346405229,1.0,0.9663367569249923,0.03162306668752773,1
0.3629628658294678,0.022277300267066195,0.030749988555908204,0.002372596599636163,10,sqrt,2,100,"{'max_depth': 10, 'max_features': 'sqrt', 'min_samples_split': 2, 'n_estimators': 100}",1.0,0.9581699346405229,0.9153439153439153,0.9581699346405229,1.0,0.9663367569249923,0.03162306668752773,1
0.8332319259643555,0.06017700420203292,0.056987428665161134,0.008211777401993543,10,sqrt,2,200,"{'max_depth': 10, 'max_features': 'sqrt', 'min_samples_split': 2, 'n_estimators': 200}",0.9581699346405229,0.9581699346405229,0.9153439153439153,0.9581699346405229,1.0,0.9579707438530969,0.02677171608964413,31
0.22426609992980956,0.02430940277802418,0.03187074661254883,0.009201019733699686,10,sqrt,5,50,"{'max_depth': 10, 'max_features': 'sqrt', 'min_samples_split': 5, 'n_estimators': 50}",0.9581699346405229,0.9581699346405229,0.9153439153439153,0.9581699346405229,1.0,0.9579707438530969,0.02677171608964413,31
0.4191652774810791,0.026307519821046812,0.03445224761962891,0.009157239073852104,10,sqrt,5,100,"{'max_depth': 10, 'max_features': 'sqrt', 'min_samples_split': 5, 'n_estimators': 100}",0.9581699346405229,0.9581699346405229,0.9153439153439153,0.9581699346405229,1.0,0.9579707438530969,0.02677171608964413,31
0.8261152267456054,0.028333350317389948,0.059878206253051756,0.004987046925725157,10,sqrt,5,200,"{'max_depth': 10, 'max_features': 'sqrt', 'min_samples_split': 5, 'n_estimators': 200}",0.9581699346405229,0.9581699346405229,0.9153439153439153,0.9581699346405229,1.0,0.9579707438530969,0.02677171608964413,31
0.21364688873291016,0.015571519927962409,0.02889533042907715,0.010446583094364461,10,sqrt,10,50,"{'max_depth': 10, 'max_features': 'sqrt', 'min_samples_split': 10, 'n_estimators': 50}",1.0,0.9581699346405229,0.9153439153439153,0.9581699346405229,1.0,0.9663367569249923,0.03162306668752773,1
0.3835280418395996,0.031080161884354474,0.03226604461669922,0.01196845842410237,10,sqrt,10,100,"{'max_depth': 10, 'max_features': 'sqrt', 'min_samples_split': 10, 'n_estimators': 100}",0.9581699346405229,0.9581699346405229,0.9153439153439153,0.9581699346405229,1.0,0.9579707438530969,0.02677171608964413,31
0.7293557167053223,0.03483147942862156,0.05389566421508789,0.012224112284912141,10,sqrt,10,200,"{'max_depth': 10, 'max_features': 'sqrt', 'min_samples_split': 10, 'n_estimators': 200}",0.9581699346405229,0.9581699346405229,0.9153439153439153,0.9581699346405229,1.0,0.9579707438530969,0.02677171608964413,31
0.19991273880004884,0.015257388495004468,0.020389270782470704,0.006693726775204137,10,log2,2,50,"{'max_depth': 10, 'max_features': 'log2', 'min_samples_split': 2, 'n_estimators': 50}",1.0,0.9581699346405229,0.9153439153439153,0.9581699346405229,1.0,0.9663367569249923,0.03162306668752773,1
0.4206104755401611,0.06363700714838619,0.03327045440673828,0.0039355063555113695,10,log2,2,100,"{'max_depth': 10, 'max_features': 'log2', 'min_samples_split': 2, 'n_estimators': 100}",1.0,0.9581699346405229,0.9153439153439153,0.9581699346405229,1.0,0.9663367569249923,0.03162306668752773,1
0.7521589756011963,0.016116785989269435,0.046733665466308597,0.007794671081231217,10,log2,2,200,"{'max_depth': 10, 'max_features': 'log2', 'min_samples_split': 2, 'n_estimators': 200}",0.9581699346405229,0.9581699346405229,0.9153439153439153,0.9581699346405229,1.0,0.9579707438530969,0.02677171608964413,31
0.19090867042541504,0.01576503990393797,0.011948013305664062,0.0023218539335151454,10,log2,5,50,"{'max_depth': 10, 'max_features': 'log2', 'min_samples_split': 5, 'n_estimators': 50}",0.9581699346405229,0.9581699346405229,0.9153439153439153,0.9581699346405229,1.0,0.9579707438530969,0.02677171608964413,31
0.3586219310760498,0.02274722002783825,0.03914461135864258,0.012440867189232294,10,log2,5,100,"{'max_depth': 10, 'max_features': 'log2', 'min_samples_split': 5, 'n_estimators': 100}",0.9581699346405229,0.9581699346405229,0.9153439153439153,0.9581699346405229,1.0,0.9579707438530969,0.02677171608964413,31
0.7145129203796386,0.029584053461073886,0.06620020866394043,0.016498311496579297,10,log2,5,200,"{'max_depth': 10, 'max_features': 'log2', 'min_samples_split': 5, 'n_estimators': 200}",0.9581699346405229,0.9581699346405229,0.9153439153439153,0.9581699346405229,1.0,0.9579707438530969,0.02677171608964413,31
0.18135809898376465,0.005374518462643501,0.015500354766845702,0.0052813603393676405,10,log2,10,50,"{'max_depth': 10, 'max_features': 'log2', 'min_samples_split': 10, 'n_estimators': 50}",1.0,0.9581699346405229,0.9153439153439153,0.9581699346405229,1.0,0.9663367569249923,0.03162306668752773,1
0.35764446258544924,0.02161409710378577,0.029790115356445313,0.006689799865422709,10,log2,10,100,"{'max_depth': 10, 'max_features': 'log2', 'min_samples_split': 10, 'n_estimators': 100}",0.9581699346405229,0.9581699346405229,0.9153439153439153,0.9581699346405229,1.0,0.9579707438530969,0.02677171608964413,31
0.7586710453033447,0.0405506239743808,0.05783543586730957,0.01185107735067701,10,log2,10,200,"{'max_depth': 10, 'max_features': 'log2', 'min_samples_split': 10, 'n_estimators': 200}",0.9581699346405229,0.9581699346405229,0.9153439153439153,0.9581699346405229,1.0,0.9579707438530969,0.02677171608964413,31
0.19591550827026366,0.011504725695208542,0.016841411590576172,0.005347422358444124,,sqrt,2,50,"{'max_depth': None, 'max_features': 'sqrt', 'min_samples_split': 2, 'n_estimators': 50}",1.0,0.9581699346405229,0.9153439153439153,0.9581699346405229,1.0,0.9663367569249923,0.03162306668752773,1
0.5859304428100586,0.04512793663297702,0.04858355522155762,0.014450564233716016,,sqrt,2,100,"{'max_depth': None, 'max_features': 'sqrt', 'min_samples_split': 2, 'n_estimators': 100}",1.0,0.9581699346405229,0.9153439153439153,0.9581699346405229,1.0,0.9663367569249923,0.03162306668752773,1
1.3145568370819092,0.11384570910580076,0.08846778869628906,0.03722661960876397,,sqrt,2,200,"{'max_depth': None, 'max_features': 'sqrt', 'min_samples_split': 2, 'n_estimators': 200}",0.9581699346405229,0.9581699346405229,0.9153439153439153,0.9581699346405229,1.0,0.9579707438530969,0.02677171608964413,31
0.3211658000946045,0.044620336599106504,0.02486553192138672,0.006146122616549397,,sqrt,5,50,"{'max_depth': None, 'max_features': 'sqrt', 'min_samples_split': 5, 'n_estimators': 50}",0.9581699346405229,0.9581699346405229,0.9153439153439153,0.9581699346405229,1.0,0.9579707438530969,0.02677171608964413,31
0.3669280052185059,0.03185959080903099,0.03868966102600098,0.012149431262945442,,sqrt,5,100,"{'max_depth': None, 'max_features': 'sqrt', 'min_samples_split': 5, 'n_estimators': 100}",0.9581699346405229,0.9581699346405229,0.9153439153439153,0.9581699346405229,1.0,0.9579707438530969,0.02677171608964413,31
0.763936710357666,0.025849645561036565,0.061684608459472656,0.011982616987373233,,sqrt,5,200,"{'max_depth': None, 'max_features': 'sqrt', 'min_samples_split': 5, 'n_estimators': 200}",0.9581699346405229,0.9581699346405229,0.9153439153439153,0.9581699346405229,1.0,0.9579707438530969,0.02677171608964413,31
0.18328533172607422,0.013159346269816468,0.019812965393066408,0.005817744758811087,,sqrt,10,50,"{'max_depth': None, 'max_features': 'sqrt', 'min_samples_split': 10, 'n_estimators': 50}",1.0,0.9581699346405229,0.9153439153439153,0.9581699346405229,1.0,0.9663367569249923,0.03162306668752773,1
0.3783841609954834,0.033701111287870136,0.04451079368591308,0.009761124500769613,,sqrt,10,100,"{'max_depth': None, 'max_features': 'sqrt', 'min_samples_split': 10, 'n_estimators': 100}",0.9581699346405229,0.9581699346405229,0.9153439153439153,0.9581699346405229,1.0,0.9579707438530969,0.02677171608964413,31
0.7733635425567627,0.03161434379146431,0.053686904907226565,0.011821349254582602,,sqrt,10,200,"{'max_depth': None, 'max_features': 'sqrt', 'min_samples_split': 10, 'n_estimators': 200}",0.9581699346405229,0.9581699346405229,0.9153439153439153,0.9581699346405229,1.0,0.9579707438530969,0.02677171608964413,31
0.19668688774108886,0.020515623249894078,0.018459844589233398,0.0015680053750786224,,log2,2,50,"{'max_depth': None, 'max_features': 'log2', 'min_samples_split': 2, 'n_estimators': 50}",1.0,0.9581699346405229,0.9153439153439153,0.9581699346405229,1.0,0.9663367569249923,0.03162306668752773,1
0.4290466785430908,0.04421125064929967,0.03672013282775879,0.00854006284477127,,log2,2,100,"{'max_depth': None, 'max_features': 'log2', 'min_samples_split': 2, 'n_estimators': 100}",1.0,0.9581699346405229,0.9153439153439153,0.9581699346405229,1.0,0.9663367569249923,0.03162306668752773,1
0.831656551361084,0.046141595456771586,0.06043562889099121,0.01347999470368246,,log2,2,200,"{'max_depth': None, 'max_features': 'log2', 'min_samples_split': 2, 'n_estimators': 200}",0.9581699346405229,0.9581699346405229,0.9153439153439153,0.9581699346405229,1.0,0.9579707438530969,0.02677171608964413,31
0.19882655143737793,0.004987083129507033,0.016481637954711914,0.00892098837937896,,log2,5,50,"{'max_depth': None, 'max_features': 'log2', 'min_samples_split': 5, 'n_estimators': 50}",0.9581699346405229,0.9581699346405229,0.9153439153439153,0.9581699346405229,1.0,0.9579707438530969,0.02677171608964413,31
0.38966898918151854,0.01103381954168145,0.03428964614868164,0.004790419480950462,,log2,5,100,"{'max_depth': None, 'max_features': 'log2', 'min_samples_split': 5, 'n_estimators': 100}",0.9581699346405229,0.9581699346405229,0.9153439153439153,0.9581699346405229,1.0,0.9579707438530969,0.02677171608964413,31
0.7564214706420899,0.048223410953456614,0.05701737403869629,0.003803383002724444,,log2,5,200,"{'max_depth': None, 'max_features': 'log2', 'min_samples_split': 5, 'n_estimators': 200}",0.9581699346405229,0.9581699346405229,0.9153439153439153,0.9581699346405229,1.0,0.9579707438530969,0.02677171608964413,31
0.18900809288024903,0.024178406937748535,0.020242595672607423,0.007412529334023703,,log2,10,50,"{'max_depth': None, 'max_features': 'log2', 'min_samples_split': 10, 'n_estimators': 50}",1.0,0.9581699346405229,0.9153439153439153,0.9581699346405229,1.0,0.9663367569249923,0.03162306668752773,1
0.3924154281616211,0.012411374671396977,0.03337597846984863,0.005313404092318479,,log2,10,100,"{'max_depth': None, 'max_features': 'log2', 'min_samples_split': 10, 'n_estimators': 100}",0.9581699346405229,0.9581699346405229,0.9153439153439153,0.9581699346405229,1.0,0.9579707438530969,0.02677171608964413,31
0.7194279670715332,0.06829065921667336,0.04851212501525879,0.006042680574861204,,log2,10,200,"{'max_depth': None, 'max_features': 'log2', 'min_samples_split': 10, 'n_estimators': 200}",0.9581699346405229,0.9581699346405229,0.9153439153439153,0.9581699346405229,1.0,0.9579707438530969,0.02677171608964413,31
